BNNCAL,B,N,N,C,A,L,335
BNNCAM,B,N,N,C,A,M,63
BNNCAP,B,N,N,C,A,P,64
BNNCCL,B,N,N,C,C,L,4121
BNNCCM,B,N,N,C,C,M,1353
BNNCCP,B,N,N,C,C,P,651
BNNCCS,B,N,N,C,C,S,97
BNNCDL,B,N,N,C,D,L,1725
BNNCDM,B,N,N,C,D,M,540
BNNCDP,B,N,N,C,D,P,77
BNNCDS,B,N,N,C,D,S,84
BNNCIL,B,N,N,C,I,L,247
BNNCIM,B,N,N,C,I,M,61
BNNCLL,B,N,N,C,L,L,181
BNNCLM,B,N,N,C,L,M,92
BNNCNN,B,N,N,C,N,N,1279
BNNCPL,B,N,N,C,P,L,1268
BNNCPM,B,N,N,C,P,M,909
BNNCPP,B,N,N,C,P,P,142
BNNCWL,B,N,N,C,W,L,4299
BNNCWM,B,N,N,C,W,M,1664
BNNCWP,B,N,N,C,W,P,310
BNNCWS,B,N,N,C,W,S,107
BNNHCL,B,N,N,H,C,L,71
BNNLAL,B,N,N,L,A,L,378
BNNLAM,B,N,N,L,A,M,157
BNNLAS,B,N,N,L,A,S,86
BNNLCL,B,N,N,L,C,L,1396
BNNLCM,B,N,N,L,C,M,396
BNNLCS,B,N,N,L,C,S,100
BNNLDL,B,N,N,L,D,L,58
BNNLIL,B,N,N,L,I,L,242
BNNLIM,B,N,N,L,I,M,217
BNNLIS,B,N,N,L,I,S,140
BNNLLM,B,N,N,L,L,M,75
BNNLNN,B,N,N,L,N,N,701
BNNLPL,B,N,N,L,P,L,92
BNNLWL,B,N,N,L,W,L,1144
BNNLWM,B,N,N,L,W,M,337
BNNLWP,B,N,N,L,W,P,64
BNNLWS,B,N,N,L,W,S,75
BNNRCL,B,N,N,R,C,L,1707
BNNRCM,B,N,N,R,C,M,355
BNNRDL,B,N,N,R,D,L,77
BNNRNN,B,N,N,R,N,N,546
BNNRPL,B,N,N,R,P,L,116
BNNRWL,B,N,N,R,W,L,943
BNNRWM,B,N,N,R,W,M,291
BNNRWP,B,N,N,R,W,P,68
BNOHCL,B,N,O,H,C,L,675
BNOHCM,B,N,O,H,C,M,133
BNOHWL,B,N,O,H,W,L,287
BNORCL,B,N,O,R,C,L,2401
BNORCM,B,N,O,R,C,M,385
BNORDL,B,N,O,R,D,L,171
BNORDM,B,N,O,R,D,M,90
BNORNN,B,N,O,R,N,N,177
BNORPL,B,N,O,R,P,L,127
BNORWL,B,N,O,R,W,L,1338
BNORWM,B,N,O,R,W,M,162
BNORWP,B,N,O,R,W,P,70
BNPCCL,B,N,P,C,C,L,78
BNPHCL,B,N,P,H,C,L,478
BNPHCM,B,N,P,H,C,M,135
BNPHCP,B,N,P,H,C,P,56
BNPHNN,B,N,P,H,N,N,142
BNPHWL,B,N,P,H,W,L,245
BNPHWM,B,N,P,H,W,M,90
BNPRAL,B,N,P,R,A,L,118
BNPRCL,B,N,P,R,C,L,1246
BNPRCM,B,N,P,R,C,M,323
BNPRCP,B,N,P,R,C,P,72
BNPRDL,B,N,P,R,D,L,65
BNPRNN,B,N,P,R,N,N,55
BNPRPL,B,N,P,R,P,L,77
BNPRWL,B,N,P,R,W,L,742
BNPRWM,B,N,P,R,W,M,220
BNPRWP,B,N,P,R,W,P,62
BNSHCL,B,N,S,H,C,L,1617
BNSHCM,B,N,S,H,C,M,293
BNSHCP,B,N,S,H,C,P,65
BNSHCS,B,N,S,H,C,S,109
BNSHIL,B,N,S,H,I,L,57
BNSHLL,B,N,S,H,L,L,104
BNSHNN,B,N,S,H,N,N,67
BNSHWL,B,N,S,H,W,L,974
BNSHWM,B,N,S,H,W,M,206
BNSHWP,B,N,S,H,W,P,113
BNSHWS,B,N,S,H,W,S,215
BNSRCL,B,N,S,R,C,L,8882
BNSRCM,B,N,S,R,C,M,1847
BNSRCP,B,N,S,R,C,P,453
BNSRCS,B,N,S,R,C,S,183
BNSRDL,B,N,S,R,D,L,495
BNSRDM,B,N,S,R,D,M,211
BNSRDP,B,N,S,R,D,P,80
BNSRDS,B,N,S,R,D,S,66
BNSRLL,B,N,S,R,L,L,88
BNSRNN,B,N,S,R,N,N,811
BNSRPL,B,N,S,R,P,L,645
BNSRPP,B,N,S,R,P,P,56
BNSRWL,B,N,S,R,W,L,5031
BNSRWM,B,N,S,R,W,M,801
BNSRWP,B,N,S,R,W,P,657
BNSRWS,B,N,S,R,W,S,545
BRNCAL,B,R,N,C,A,L,137
BRNCAM,B,R,N,C,A,M,113
BRNCCL,B,R,N,C,C,L,4702
BRNCCM,B,R,N,C,C,M,987
BRNCCP,B,R,N,C,C,P,194
BRNCCS,B,R,N,C,C,S,104
BRNCDL,B,R,N,C,D,L,542
BRNCDM,B,R,N,C,D,M,377
BRNCDP,B,R,N,C,D,P,56
BRNCIL,B,R,N,C,I,L,239
BRNCIM,B,R,N,C,I,M,79
BRNCLL,B,R,N,C,L,L,140
BRNCLM,B,R,N,C,L,M,161
BRNCNN,B,R,N,C,N,N,1412
BRNCPL,B,R,N,C,P,L,837
BRNCPM,B,R,N,C,P,M,442
BRNCPP,B,R,N,C,P,P,55
BRNCWL,B,R,N,C,W,L,3076
BRNCWM,B,R,N,C,W,M,1750
BRNCWP,B,R,N,C,W,P,260
BRNCWS,B,R,N,C,W,S,163
BRNHAM,B,R,N,H,A,M,57
BRNHCL,B,R,N,H,C,L,1019
BRNHCM,B,R,N,H,C,M,509
BRNHCP,B,R,N,H,C,P,58
BRNHLM,B,R,N,H,L,M,118
BRNHWL,B,R,N,H,W,L,706
BRNHWM,B,R,N,H,W,M,409
BRNHWP,B,R,N,H,W,P,129
BRNLAL,B,R,N,L,A,L,310
BRNLAM,B,R,N,L,A,M,195
BRNLCL,B,R,N,L,C,L,1571
BRNLCM,B,R,N,L,C,M,761
BRNLCP,B,R,N,L,C,P,80
BRNLDL,B,R,N,L,D,L,61
BRNLDM,B,R,N,L,D,M,107
BRNLIL,B,R,N,L,I,L,113
BRNLIM,B,R,N,L,I,M,112
BRNLLM,B,R,N,L,L,M,67
BRNLNN,B,R,N,L,N,N,779
BRNLWL,B,R,N,L,W,L,1333
BRNLWM,B,R,N,L,W,M,938
BRNLWP,B,R,N,L,W,P,106
BRNRAL,B,R,N,R,A,L,79
BRNRCL,B,R,N,R,C,L,2381
BRNRCM,B,R,N,R,C,M,760
BRNRCP,B,R,N,R,C,P,111
BRNRDL,B,R,N,R,D,L,314
BRNRDM,B,R,N,R,D,M,120
BRNRLL,B,R,N,R,L,L,56
BRNRNN,B,R,N,R,N,N,1135
BRNRPL,B,R,N,R,P,L,68
BRNRPM,B,R,N,R,P,M,136
BRNRWL,B,R,N,R,W,L,1929
BRNRWM,B,R,N,R,W,M,606
BRNRWP,B,R,N,R,W,P,128
BRNRWS,B,R,N,R,W,S,61
BROCCL,B,R,O,C,C,L,311
BROCCM,B,R,O,C,C,M,51
BROCCS,B,R,O,C,C,S,78
BROCDL,B,R,O,C,D,L,128
BROCPL,B,R,O,C,P,L,83
BROCWL,B,R,O,C,W,L,335
BROCWM,B,R,O,C,W,M,66
BROHCL,B,R,O,H,C,L,168
BROLCL,B,R,O,L,C,L,65
BRORCL,B,R,O,R,C,L,1611
BRORCM,B,R,O,R,C,M,360
BRORCP,B,R,O,R,C,P,70
BRORCS,B,R,O,R,C,S,58
BRORDL,B,R,O,R,D,L,248
BRORNN,B,R,O,R,N,N,86
BRORPL,B,R,O,R,P,L,82
BRORWL,B,R,O,R,W,L,1268
BRORWM,B,R,O,R,W,M,246
BRORWP,B,R,O,R,W,P,63
BRORWS,B,R,O,R,W,S,60
BRPCAL,B,R,P,C,A,L,86
BRPCAS,B,R,P,C,A,S,77
BRPCCL,B,R,P,C,C,L,1056
BRPCCM,B,R,P,C,C,M,219
BRPCCP,B,R,P,C,C,P,64
BRPCCS,B,R,P,C,C,S,392
BRPCDL,B,R,P,C,D,L,217
BRPCDS,B,R,P,C,D,S,67
BRPCIL,B,R,P,C,I,L,167
BRPCIS,B,R,P,C,I,S,61
BRPCNN,B,R,P,C,N,N,123
BRPCPL,B,R,P,C,P,L,293
BRPCPS,B,R,P,C,P,S,53
BRPCWL,B,R,P,C,W,L,1167
BRPCWM,B,R,P,C,W,M,160
BRPCWP,B,R,P,C,W,P,277
BRPCWS,B,R,P,C,W,S,464
BRPHCL,B,R,P,H,C,L,644
BRPHCM,B,R,P,H,C,M,333
BRPHLL,B,R,P,H,L,L,79
BRPHWL,B,R,P,H,W,L,324
BRPHWM,B,R,P,H,W,M,203
BRPHWP,B,R,P,H,W,P,76
BRPLAL,B,R,P,L,A,L,85
BRPLAM,B,R,P,L,A,M,77
BRPLCL,B,R,P,L,C,L,471
BRPLCM,B,R,P,L,C,M,85
BRPLCP,B,R,P,L,C,P,53
BRPLCS,B,R,P,L,C,S,155
BRPLIL,B,R,P,L,I,L,72
BRPLWL,B,R,P,L,W,L,424
BRPLWM,B,R,P,L,W,M,68
BRPLWP,B,R,P,L,W,P,85
BRPLWS,B,R,P,L,W,S,139
BRPRAL,B,R,P,R,A,L,52
BRPRCL,B,R,P,R,C,L,7588
BRPRCM,B,R,P,R,C,M,2608
BRPRCP,B,R,P,R,C,P,394
BRPRCS,B,R,P,R,C,S,399
BRPRDL,B,R,P,R,D,L,1188
BRPRDM,B,R,P,R,D,M,344
BRPRDP,B,R,P,R,D,P,138
BRPRDS,B,R,P,R,D,S,277
BRPRIL,B,R,P,R,I,L,92
BRPRIP,B,R,P,R,I,P,55
BRPRLL,B,R,P,R,L,L,81
BRPRNN,B,R,P,R,N,N,166
BRPRPL,B,R,P,R,P,L,481
BRPRPM,B,R,P,R,P,M,162
BRPRPP,B,R,P,R,P,P,70
BRPRPS,B,R,P,R,P,S,57
BRPRWL,B,R,P,R,W,L,5277
BRPRWM,B,R,P,R,W,M,1743
BRPRWP,B,R,P,R,W,P,373
BRPRWS,B,R,P,R,W,S,554
CNNCAL,C,N,N,C,A,L,13028
CNNCAM,C,N,N,C,A,M,28537
CNNCAP,C,N,N,C,A,P,27072
CNNCAS,C,N,N,C,A,S,292
CNNCCL,C,N,N,C,C,L,3782
CNNCCM,C,N,N,C,C,M,755
CNNCCP,C,N,N,C,C,P,395
CNNCCS,C,N,N,C,C,S,71
CNNCDL,C,N,N,C,D,L,1562
CNNCDM,C,N,N,C,D,M,636
CNNCDP,C,N,N,C,D,P,123
CNNCDS,C,N,N,C,D,S,154
CNNCIL,C,N,N,C,I,L,8449
CNNCIM,C,N,N,C,I,M,14243
CNNCIP,C,N,N,C,I,P,7732
CNNCIS,C,N,N,C,I,S,731
CNNCLL,C,N,N,C,L,L,3055
CNNCLM,C,N,N,C,L,M,9430
CNNCLP,C,N,N,C,L,P,9579
CNNCNM,C,N,N,C,N,M,129
CNNCNN,C,N,N,C,N,N,77113
CNNCPL,C,N,N,C,P,L,3182
CNNCPM,C,N,N,C,P,M,3068
CNNCPP,C,N,N,C,P,P,291
CNNCPS,C,N,N,C,P,S,240
CNNCWL,C,N,N,C,W,L,3931
CNNCWM,C,N,N,C,W,M,2908
CNNCWP,C,N,N,C,W,P,749
CNNCWS,C,N,N,C,W,S,118
CNNHAL,C,N,N,H,A,L,997
CNNHAM,C,N,N,H,A,M,907
CNNHAP,C,N,N,H,A,P,861
CNNHIL,C,N,N,H,I,L,1058
CNNHIM,C,N,N,H,I,M,925
CNNHIP,C,N,N,H,I,P,484
CNNHLL,C,N,N,H,L,L,724
CNNHLM,C,N,N,H,L,M,390
CNNHLP,C,N,N,H,L,P,316
CNNHNN,C,N,N,H,N,N,153
CNNHWL,C,N,N,H,W,L,142
CNNLAL,C,N,N,L,A,L,33323
CNNLAM,C,N,N,L,A,M,56955
CNNLAP,C,N,N,L,A,P,38935
CNNLAS,C,N,N,L,A,S,1116
CNNLCL,C,N,N,L,C,L,5270
CNNLCM,C,N,N,L,C,M,1025
CNNLCP,C,N,N,L,C,P,473
CNNLCS,C,N,N,L,C,S,200
CNNLDL,C,N,N,L,D,L,1744
CNNLDM,C,N,N,L,D,M,666
CNNLDP,C,N,N,L,D,P,51
CNNLDS,C,N,N,L,D,S,184
CNNLIL,C,N,N,L,I,L,19303
CNNLIM,C,N,N,L,I,M,32817
CNNLIP,C,N,N,L,I,P,14895
CNNLIS,C,N,N,L,I,S,1863
CNNLLL,C,N,N,L,L,L,6453
CNNLLM,C,N,N,L,L,M,23216
CNNLLP,C,N,N,L,L,P,17277
CNNLNL,C,N,N,L,N,L,94
CNNLNM,C,N,N,L,N,M,151
CNNLNN,C,N,N,L,N,N,55416
CNNLPL,C,N,N,L,P,L,1803
CNNLPM,C,N,N,L,P,M,2528
CNNLPP,C,N,N,L,P,P,370
CNNLPS,C,N,N,L,P,S,110
CNNLWL,C,N,N,L,W,L,7496
CNNLWM,C,N,N,L,W,M,5075
CNNLWP,C,N,N,L,W,P,1715
CNNLWS,C,N,N,L,W,S,331
CNNRAL,C,N,N,R,A,L,1237
CNNRAM,C,N,N,R,A,M,2226
CNNRAP,C,N,N,R,A,P,1865
CNNRAS,C,N,N,R,A,S,206
CNNRIL,C,N,N,R,I,L,1061
CNNRIM,C,N,N,R,I,M,1499
CNNRIP,C,N,N,R,I,P,836
CNNRIS,C,N,N,R,I,S,213
CNNRLL,C,N,N,R,L,L,638
CNNRLM,C,N,N,R,L,M,794
CNNRLP,C,N,N,R,L,P,597
CNNRNN,C,N,N,R,N,N,1239
CNNRWL,C,N,N,R,W,L,152
CNNRWM,C,N,N,R,W,M,103
CNOCAL,C,N,O,C,A,L,120
CNOCAM,C,N,O,C,A,M,204
CNOCAP,C,N,O,C,A,P,117
CNOCCL,C,N,O,C,C,L,86
CNOCIL,C,N,O,C,I,L,129
CNOCIM,C,N,O,C,I,M,53
CNOCIP,C,N,O,C,I,P,72
CNOCLL,C,N,O,C,L,L,60
CNOCLM,C,N,O,C,L,M,60
CNOCLP,C,N,O,C,L,P,57
CNOCWL,C,N,O,C,W,L,65
CNOHAL,C,N,O,H,A,L,426
CNOHAM,C,N,O,H,A,M,448
CNOHAP,C,N,O,H,A,P,695
CNOHIL,C,N,O,H,I,L,393
CNOHIM,C,N,O,H,I,M,348
CNOHIP,C,N,O,H,I,P,338
CNOHLL,C,N,O,H,L,L,167
CNOHLM,C,N,O,H,L,M,273
CNOHLP,C,N,O,H,L,P,266
CNOHWL,C,N,O,H,W,L,55
CNOLAL,C,N,O,L,A,L,97
CNOLAM,C,N,O,L,A,M,147
CNOLAP,C,N,O,L,A,P,333
CNOLIM,C,N,O,L,I,M,71
CNOLIP,C,N,O,L,I,P,91
CNOLLM,C,N,O,L,L,M,56
CNOLLP,C,N,O,L,L,P,101
CNORAL,C,N,O,R,A,L,336
CNORAM,C,N,O,R,A,M,217
CNORAP,C,N,O,R,A,P,218
CNORIL,C,N,O,R,I,L,409
CNORIM,C,N,O,R,I,M,252
CNORIP,C,N,O,R,I,P,233
CNORLL,C,N,O,R,L,L,241
CNORLM,C,N,O,R,L,M,156
CNORLP,C,N,O,R,L,P,159
CNORWL,C,N,O,R,W,L,109
CNORWM,C,N,O,R,W,M,67
CNPCAL,C,N,P,C,A,L,498
CNPCAM,C,N,P,C,A,M,992
CNPCAP,C,N,P,C,A,P,1161
CNPCCL,C,N,P,C,C,L,713
CNPCCM,C,N,P,C,C,M,220
CNPCCP,C,N,P,C,C,P,114
CNPCIL,C,N,P,C,I,L,830
CNPCIM,C,N,P,C,I,M,548
CNPCIP,C,N,P,C,I,P,657
CNPCLL,C,N,P,C,L,L,504
CNPCLM,C,N,P,C,L,M,751
CNPCLP,C,N,P,C,L,P,1143
CNPCNN,C,N,P,C,N,N,237
CNPCWL,C,N,P,C,W,L,985
CNPCWM,C,N,P,C,W,M,254
CNPCWP,C,N,P,C,W,P,445
CNPHAL,C,N,P,H,A,L,116
CNPHAM,C,N,P,H,A,M,548
CNPHAP,C,N,P,H,A,P,881
CNPHIL,C,N,P,H,I,L,135
CNPHIM,C,N,P,H,I,M,358
CNPHIP,C,N,P,H,I,P,552
CNPHLL,C,N,P,H,L,L,103
CNPHLM,C,N,P,H,L,M,346
CNPHLP,C,N,P,H,L,P,577
CNPLAL,C,N,P,L,A,L,186
CNPLAM,C,N,P,L,A,M,734
CNPLAP,C,N,P,L,A,P,1208
CNPLIM,C,N,P,L,I,M,289
CNPLIP,C,N,P,L,I,P,173
CNPLLL,C,N,P,L,L,L,55
CNPLLM,C,N,P,L,L,M,238
CNPLLP,C,N,P,L,L,P,234
CNPLNN,C,N,P,L,N,N,186
CNPRAM,C,N,P,R,A,M,318
CNPRAP,C,N,P,R,A,P,809
CNPRIL,C,N,P,R,I,L,98
CNPRIM,C,N,P,R,I,M,155
CNPRIP,C,N,P,R,I,P,112
CNPRLL,C,N,P,R,L,L,86
CNPRLM,C,N,P,R,L,M,96
CNPRLP,C,N,P,R,L,P,157
CNSCAL,C,N,S,C,A,L,637
CNSCAM,C,N,S,C,A,M,478
CNSCAP,C,N,S,C,A,P,607
CNSCCL,C,N,S,C,C,L,592
CNSCIL,C,N,S,C,I,L,834
CNSCIM,C,N,S,C,I,M,408
CNSCIP,C,N,S,C,I,P,348
CNSCLL,C,N,S,C,L,L,890
CNSCLM,C,N,S,C,L,M,528
CNSCLP,C,N,S,C,L,P,473
CNSCNN,C,N,S,C,N,N,260
CNSCWL,C,N,S,C,W,L,828
CNSCWM,C,N,S,C,W,M,109
CNSCWP,C,N,S,C,W,P,61
CNSHAL,C,N,S,H,A,L,3564
CNSHAM,C,N,S,H,A,M,3792
CNSHAP,C,N,S,H,A,P,5069
CNSHAS,C,N,S,H,A,S,98
CNSHCL,C,N,S,H,C,L,287
CNSHIL,C,N,S,H,I,L,3769
CNSHIM,C,N,S,H,I,M,2307
CNSHIP,C,N,S,H,I,P,2218
CNSHIS,C,N,S,H,I,S,137
CNSHLL,C,N,S,H,L,L,2904
CNSHLM,C,N,S,H,L,M,2396
CNSHLP,C,N,S,H,L,P,2897
CNSHNN,C,N,S,H,N,N,741
CNSHPM,C,N,S,H,P,M,127
CNSHWL,C,N,S,H,W,L,1064
CNSHWM,C,N,S,H,W,M,305
CNSHWP,C,N,S,H,W,P,291
CNSLAL,C,N,S,L,A,L,240
CNSLAM,C,N,S,L,A,M,786
CNSLAP,C,N,S,L,A,P,1751
CNSLIL,C,N,S,L,I,L,190
CNSLIM,C,N,S,L,I,M,552
CNSLIP,C,N,S,L,I,P,440
CNSLLL,C,N,S,L,L,L,143
CNSLLM,C,N,S,L,L,M,314
CNSLLP,C,N,S,L,L,P,707
CNSLNN,C,N,S,L,N,N,530
CNSLWM,C,N,S,L,W,M,67
CNSRAL,C,N,S,R,A,L,4105
CNSRAM,C,N,S,R,A,M,3298
CNSRAP,C,N,S,R,A,P,3680
CNSRAS,C,N,S,R,A,S,397
CNSRCL,C,N,S,R,C,L,298
CNSRCM,C,N,S,R,C,M,261
CNSRDL,C,N,S,R,D,L,97
CNSRDM,C,N,S,R,D,M,131
CNSRIL,C,N,S,R,I,L,6065
CNSRIM,C,N,S,R,I,M,3725
CNSRIP,C,N,S,R,I,P,2731
CNSRIS,C,N,S,R,I,S,291
CNSRLL,C,N,S,R,L,L,2477
CNSRLM,C,N,S,R,L,M,2457
CNSRLP,C,N,S,R,L,P,2377
CNSRLS,C,N,S,R,L,S,65
CNSRNN,C,N,S,R,N,N,601
CNSRPL,C,N,S,R,P,L,108
CNSRPM,C,N,S,R,P,M,407
CNSRPP,C,N,S,R,P,P,193
CNSRPS,C,N,S,R,P,S,62
CNSRWL,C,N,S,R,W,L,1161
CNSRWM,C,N,S,R,W,M,955
CNSRWP,C,N,S,R,W,P,375
CRNCAL,C,R,N,C,A,L,1825
CRNCAM,C,R,N,C,A,M,2819
CRNCAP,C,R,N,C,A,P,1198
CRNCAS,C,R,N,C,A,S,189
CRNCCL,C,R,N,C,C,L,74
CRNCIL,C,R,N,C,I,L,2085
CRNCIM,C,R,N,C,I,M,1970
CRNCIP,C,R,N,C,I,P,756
CRNCIS,C,R,N,C,I,S,94
CRNCLL,C,R,N,C,L,L,516
CRNCLM,C,R,N,C,L,M,1452
CRNCLP,C,R,N,C,L,P,620
CRNCLS,C,R,N,C,L,S,51
CRNCNN,C,R,N,C,N,N,3474
CRNCPL,C,R,N,C,P,L,1166
CRNCPM,C,R,N,C,P,M,1202
CRNCPP,C,R,N,C,P,P,147
CRNCWL,C,R,N,C,W,L,212
CRNCWM,C,R,N,C,W,M,296
CRNCWP,C,R,N,C,W,P,141
CRNHAL,C,R,N,H,A,L,127
CRNHAM,C,R,N,H,A,M,818
CRNHAP,C,R,N,H,A,P,713
CRNHIL,C,R,N,H,I,L,205
CRNHIM,C,R,N,H,I,M,318
CRNHIP,C,R,N,H,I,P,223
CRNHLL,C,R,N,H,L,L,59
CRNHLM,C,R,N,H,L,M,360
CRNHLP,C,R,N,H,L,P,266
CRNHNN,C,R,N,H,N,N,388
CRNHWL,C,R,N,H,W,L,97
CRNHWM,C,R,N,H,W,M,183
CRNLAL,C,R,N,L,A,L,3051
CRNLAM,C,R,N,L,A,M,7546
CRNLAP,C,R,N,L,A,P,12507
CRNLAS,C,R,N,L,A,S,75
CRNLCL,C,R,N,L,C,L,664
CRNLCM,C,R,N,L,C,M,118
CRNLCP,C,R,N,L,C,P,51
CRNLIL,C,R,N,L,I,L,1642
CRNLIM,C,R,N,L,I,M,4812
CRNLIP,C,R,N,L,I,P,3746
CRNLIS,C,R,N,L,I,S,203
CRNLLL,C,R,N,L,L,L,926
CRNLLM,C,R,N,L,L,M,4120
CRNLLP,C,R,N,L,L,P,4114
CRNLNN,C,R,N,L,N,N,3495
CRNLPM,C,R,N,L,P,M,72
CRNLPP,C,R,N,L,P,P,94
CRNLWL,C,R,N,L,W,L,754
CRNLWM,C,R,N,L,W,M,461
CRNLWP,C,R,N,L,W,P,185
CRNRAL,C,R,N,R,A,L,445
CRNRAM,C,R,N,R,A,M,1018
CRNRAP,C,R,N,R,A,P,722
CRNRAS,C,R,N,R,A,S,575
CRNRIL,C,R,N,R,I,L,301
CRNRIM,C,R,N,R,I,M,610
CRNRIP,C,R,N,R,I,P,533
CRNRIS,C,R,N,R,I,S,157
CRNRLL,C,R,N,R,L,L,61
CRNRLM,C,R,N,R,L,M,254
CRNRLP,C,R,N,R,L,P,355
CRNRNN,C,R,N,R,N,N,2606
CRNRPM,C,R,N,R,P,M,90
CRNRWL,C,R,N,R,W,L,69
CRNRWM,C,R,N,R,W,M,192
CROCAL,C,R,O,C,A,L,164
CROCAM,C,R,O,C,A,M,371
CROCAP,C,R,O,C,A,P,688
CROCIL,C,R,O,C,I,L,370
CROCIM,C,R,O,C,I,M,300
CROCIP,C,R,O,C,I,P,357
CROCLL,C,R,O,C,L,L,93
CROCLM,C,R,O,C,L,M,189
CROCLP,C,R,O,C,L,P,269
CROHAL,C,R,O,H,A,L,306
CROHAM,C,R,O,H,A,M,242
CROHAP,C,R,O,H,A,P,383
CROHIL,C,R,O,H,I,L,229
CROHIM,C,R,O,H,I,M,138
CROHIP,C,R,O,H,I,P,173
CROHLL,C,R,O,H,L,L,250
CROHLM,C,R,O,H,L,M,182
CROHLP,C,R,O,H,L,P,189
CROLAL,C,R,O,L,A,L,356
CROLAM,C,R,O,L,A,M,429
CROLAP,C,R,O,L,A,P,1797
CROLIL,C,R,O,L,I,L,343
CROLIM,C,R,O,L,I,M,252
CROLIP,C,R,O,L,I,P,495
CROLLL,C,R,O,L,L,L,87
CROLLM,C,R,O,L,L,M,207
CROLLP,C,R,O,L,L,P,444
CRORAL,C,R,O,R,A,L,238
CRORAM,C,R,O,R,A,M,202
CRORAP,C,R,O,R,A,P,171
CRORIL,C,R,O,R,I,L,290
CRORIM,C,R,O,R,I,M,138
CRORIP,C,R,O,R,I,P,134
CRORLL,C,R,O,R,L,L,57
CRORLM,C,R,O,R,L,M,128
CRORLP,C,R,O,R,L,P,111
CRPCAL,C,R,P,C,A,L,1055
CRPCAM,C,R,P,C,A,M,2432
CRPCAP,C,R,P,C,A,P,6553
CRPCIL,C,R,P,C,I,L,2382
CRPCIM,C,R,P,C,I,M,1762
CRPCIP,C,R,P,C,I,P,2665
CRPCLL,C,R,P,C,L,L,683
CRPCLM,C,R,P,C,L,M,1879
CRPCLP,C,R,P,C,L,P,2948
CRPCNN,C,R,P,C,N,N,63
CRPCPL,C,R,P,C,P,L,164
CRPCPM,C,R,P,C,P,M,56
CRPCPP,C,R,P,C,P,P,54
CRPCWL,C,R,P,C,W,L,113
CRPCWM,C,R,P,C,W,M,87
CRPHAL,C,R,P,H,A,L,1066
CRPHAM,C,R,P,H,A,M,1632
CRPHAP,C,R,P,H,A,P,3896
CRPHCL,C,R,P,H,C,L,96
CRPHCM,C,R,P,H,C,M,57
CRPHIL,C,R,P,H,I,L,1015
CRPHIM,C,R,P,H,I,M,1234
CRPHIP,C,R,P,H,I,P,1479
CRPHLL,C,R,P,H,L,L,1057
CRPHLM,C,R,P,H,L,M,2163
CRPHLP,C,R,P,H,L,P,2639
CRPHWL,C,R,P,H,W,L,77
CRPHWM,C,R,P,H,W,M,87
CRPLAL,C,R,P,L,A,L,1454
CRPLAM,C,R,P,L,A,M,2729
CRPLAP,C,R,P,L,A,P,8858
CRPLAS,C,R,P,L,A,S,63
CRPLCL,C,R,P,L,C,L,61
CRPLIL,C,R,P,L,I,L,1837
CRPLIM,C,R,P,L,I,M,1919
CRPLIP,C,R,P,L,I,P,3662
CRPLLL,C,R,P,L,L,L,758
CRPLLM,C,R,P,L,L,M,1623
CRPLLP,C,R,P,L,L,P,3424
CRPLNN,C,R,P,L,N,N,120
CRPLWL,C,R,P,L,W,L,229
CRPLWM,C,R,P,L,W,M,72
CRPLWP,C,R,P,L,W,P,57
CRPRAL,C,R,P,R,A,L,1788
CRPRAM,C,R,P,R,A,M,2080
CRPRAP,C,R,P,R,A,P,2147
CRPRAS,C,R,P,R,A,S,433
CRPRCL,C,R,P,R,C,L,63
CRPRDM,C,R,P,R,D,M,53
CRPRIL,C,R,P,R,I,L,2336
CRPRIM,C,R,P,R,I,M,1833
CRPRIP,C,R,P,R,I,P,1248
CRPRIS,C,R,P,R,I,S,97
CRPRLL,C,R,P,R,L,L,867
CRPRLM,C,R,P,R,L,M,1368
CRPRLP,C,R,P,R,L,P,1636
CRPRNN,C,R,P,R,N,N,151
CRPRPL,C,R,P,R,P,L,160
CRPRPM,C,R,P,R,P,M,209
CRPRWL,C,R,P,R,W,L,144
CRPRWM,C,R,P,R,W,M,332
CRPRWP,C,R,P,R,W,P,62
KNNCAL,K,N,N,C,A,L,6669
KNNCAM,K,N,N,C,A,M,3423
KNNCAP,K,N,N,C,A,P,750
KNNCAS,K,N,N,C,A,S,288
KNNCCL,K,N,N,C,C,L,9272
KNNCCM,K,N,N,C,C,M,2046
KNNCCP,K,N,N,C,C,P,422
KNNCCS,K,N,N,C,C,S,334
KNNCDL,K,N,N,C,D,L,11926
KNNCDM,K,N,N,C,D,M,4272
KNNCDP,K,N,N,C,D,P,1005
KNNCDS,K,N,N,C,D,S,1121
KNNCIL,K,N,N,C,I,L,16276
KNNCIM,K,N,N,C,I,M,14311
KNNCIP,K,N,N,C,I,P,1970
KNNCIS,K,N,N,C,I,S,833
KNNCLL,K,N,N,C,L,L,3479
KNNCLM,K,N,N,C,L,M,2686
KNNCLP,K,N,N,C,L,P,664
KNNCLS,K,N,N,C,L,S,90
KNNCNL,K,N,N,C,N,L,130
KNNCNN,K,N,N,C,N,N,73351
KNNCPL,K,N,N,C,P,L,24346
KNNCPM,K,N,N,C,P,M,20251
KNNCPP,K,N,N,C,P,P,3479
KNNCPS,K,N,N,C,P,S,1195
KNNCWL,K,N,N,C,W,L,16388
KNNCWM,K,N,N,C,W,M,9736
KNNCWP,K,N,N,C,W,P,1275
KNNCWS,K,N,N,C,W,S,887
KNNHAM,K,N,N,H,A,M,69
KNNHIL,K,N,N,H,I,L,66
KNNHIM,K,N,N,H,I,M,103
KNNHIP,K,N,N,H,I,P,76
KNNHLM,K,N,N,H,L,M,55
KNNHPM,K,N,N,H,P,M,65
KNNHWM,K,N,N,H,W,M,54
KNNLAL,K,N,N,L,A,L,4029
KNNLAM,K,N,N,L,A,M,2155
KNNLAP,K,N,N,L,A,P,431
KNNLAS,K,N,N,L,A,S,556
KNNLCL,K,N,N,L,C,L,6685
KNNLCM,K,N,N,L,C,M,1857
KNNLCP,K,N,N,L,C,P,240
KNNLCS,K,N,N,L,C,S,592
KNNLDL,K,N,N,L,D,L,2622
KNNLDM,K,N,N,L,D,M,1068
KNNLDP,K,N,N,L,D,P,154
KNNLDS,K,N,N,L,D,S,645
KNNLIL,K,N,N,L,I,L,5152
KNNLIM,K,N,N,L,I,M,2908
KNNLIP,K,N,N,L,I,P,489
KNNLIS,K,N,N,L,I,S,1577
KNNLLL,K,N,N,L,L,L,817
KNNLLM,K,N,N,L,L,M,919
KNNLLP,K,N,N,L,L,P,143
KNNLLS,K,N,N,L,L,S,51
KNNLNN,K,N,N,L,N,N,7038
KNNLPL,K,N,N,L,P,L,3075
KNNLPM,K,N,N,L,P,M,2494
KNNLPP,K,N,N,L,P,P,204
KNNLPS,K,N,N,L,P,S,408
KNNLWL,K,N,N,L,W,L,7524
KNNLWM,K,N,N,L,W,M,3554
KNNLWP,K,N,N,L,W,P,603
KNNLWS,K,N,N,L,W,S,1056
KNNRAL,K,N,N,R,A,L,493
KNNRAM,K,N,N,R,A,M,275
KNNRAP,K,N,N,R,A,P,87
KNNRCL,K,N,N,R,C,L,1102
KNNRCM,K,N,N,R,C,M,436
KNNRDL,K,N,N,R,D,L,3040
KNNRDM,K,N,N,R,D,M,1424
KNNRDP,K,N,N,R,D,P,140
KNNRIL,K,N,N,R,I,L,1322
KNNRIM,K,N,N,R,I,M,1790
KNNRIP,K,N,N,R,I,P,653
KNNRLL,K,N,N,R,L,L,246
KNNRLM,K,N,N,R,L,M,252
KNNRLP,K,N,N,R,L,P,51
KNNRNN,K,N,N,R,N,N,20783
KNNRPL,K,N,N,R,P,L,5119
KNNRPM,K,N,N,R,P,M,3269
KNNRPP,K,N,N,R,P,P,2744
KNNRPS,K,N,N,R,P,S,188
KNNRWL,K,N,N,R,W,L,3217
KNNRWM,K,N,N,R,W,M,2213
KNNRWP,K,N,N,R,W,P,433
KNOCAL,K,N,O,C,A,L,133
KNOCAM,K,N,O,C,A,M,149
KNOCCL,K,N,O,C,C,L,364
KNOCCM,K,N,O,C,C,M,114
KNOCDL,K,N,O,C,D,L,301
KNOCDM,K,N,O,C,D,M,99
KNOCIL,K,N,O,C,I,L,473
KNOCIM,K,N,O,C,I,M,275
KNOCLL,K,N,O,C,L,L,114
KNOCLM,K,N,O,C,L,M,111
KNOCPL,K,N,O,C,P,L,489
KNOCPM,K,N,O,C,P,M,272
KNOCWL,K,N,O,C,W,L,485
KNOCWM,K,N,O,C,W,M,252
KNOHAL,K,N,O,H,A,L,58
KNOHAM,K,N,O,H,A,M,80
KNOHCL,K,N,O,H,C,L,213
KNOHIL,K,N,O,H,I,L,121
KNOHIM,K,N,O,H,I,M,130
KNOHLM,K,N,O,H,L,M,74
KNOHWL,K,N,O,H,W,L,258
KNOHWM,K,N,O,H,W,M,113
KNOLCL,K,N,O,L,C,L,86
KNOLWL,K,N,O,L,W,L,84
KNORAL,K,N,O,R,A,L,814
KNORAM,K,N,O,R,A,M,470
KNORCL,K,N,O,R,C,L,2425
KNORCM,K,N,O,R,C,M,739
KNORCP,K,N,O,R,C,P,53
KNORDL,K,N,O,R,D,L,3005
KNORDM,K,N,O,R,D,M,1436
KNORDP,K,N,O,R,D,P,72
KNORIL,K,N,O,R,I,L,1449
KNORIM,K,N,O,R,I,M,1462
KNORIP,K,N,O,R,I,P,165
KNORLL,K,N,O,R,L,L,263
KNORLM,K,N,O,R,L,M,320
KNORNN,K,N,O,R,N,N,614
KNORPL,K,N,O,R,P,L,3322
KNORPM,K,N,O,R,P,M,1227
KNORPP,K,N,O,R,P,P,724
KNORPS,K,N,O,R,P,S,79
KNORWL,K,N,O,R,W,L,3832
KNORWM,K,N,O,R,W,M,1875
KNORWP,K,N,O,R,W,P,249
KNPCAL,K,N,P,C,A,L,264
KNPCAM,K,N,P,C,A,M,239
KNPCCL,K,N,P,C,C,L,661
KNPCCM,K,N,P,C,C,M,197
KNPCDL,K,N,P,C,D,L,294
KNPCDM,K,N,P,C,D,M,253
KNPCIL,K,N,P,C,I,L,746
KNPCIM,K,N,P,C,I,M,712
KNPCIP,K,N,P,C,I,P,132
KNPCLL,K,N,P,C,L,L,326
KNPCLM,K,N,P,C,L,M,536
KNPCNN,K,N,P,C,N,N,115
KNPCPL,K,N,P,C,P,L,498
KNPCPM,K,N,P,C,P,M,456
KNPCPP,K,N,P,C,P,P,85
KNPCWL,K,N,P,C,W,L,1015
KNPCWM,K,N,P,C,W,M,357
KNPCWP,K,N,P,C,W,P,61
KNPHAM,K,N,P,H,A,M,86
KNPHIL,K,N,P,H,I,L,195
KNPHIM,K,N,P,H,I,M,69
KNPHIP,K,N,P,H,I,P,103
KNPLWL,K,N,P,L,W,L,72
KNPRAL,K,N,P,R,A,L,589
KNPRAM,K,N,P,R,A,M,413
KNPRCL,K,N,P,R,C,L,921
KNPRCM,K,N,P,R,C,M,380
KNPRDL,K,N,P,R,D,L,1398
KNPRDM,K,N,P,R,D,M,738
KNPRDP,K,N,P,R,D,P,96
KNPRIL,K,N,P,R,I,L,874
KNPRIM,K,N,P,R,I,M,951
KNPRIP,K,N,P,R,I,P,327
KNPRLL,K,N,P,R,L,L,220
KNPRLM,K,N,P,R,L,M,202
KNPRLP,K,N,P,R,L,P,92
KNPRNN,K,N,P,R,N,N,795
KNPRPL,K,N,P,R,P,L,2029
KNPRPM,K,N,P,R,P,M,1492
KNPRPP,K,N,P,R,P,P,716
KNPRPS,K,N,P,R,P,S,83
KNPRWL,K,N,P,R,W,L,2357
KNPRWM,K,N,P,R,W,M,1075
KNPRWP,K,N,P,R,W,P,318
KNSCAL,K,N,S,C,A,L,292
KNSCAM,K,N,S,C,A,M,191
KNSCCL,K,N,S,C,C,L,468
KNSCCM,K,N,S,C,C,M,169
KNSCDL,K,N,S,C,D,L,583
KNSCDM,K,N,S,C,D,M,175
KNSCIL,K,N,S,C,I,L,1635
KNSCIM,K,N,S,C,I,M,858
KNSCIP,K,N,S,C,I,P,111
KNSCLL,K,N,S,C,L,L,351
KNSCLM,K,N,S,C,L,M,256
KNSCNN,K,N,S,C,N,N,205
KNSCPL,K,N,S,C,P,L,1466
KNSCPM,K,N,S,C,P,M,1647
KNSCPP,K,N,S,C,P,P,140
KNSCWL,K,N,S,C,W,L,771
KNSCWM,K,N,S,C,W,M,341
KNSHAL,K,N,S,H,A,L,94
KNSHAM,K,N,S,H,A,M,133
KNSHCL,K,N,S,H,C,L,838
KNSHCM,K,N,S,H,C,M,202
KNSHIL,K,N,S,H,I,L,188
KNSHIM,K,N,S,H,I,M,178
KNSHLL,K,N,S,H,L,L,145
KNSHLM,K,N,S,H,L,M,170
KNSHNN,K,N,S,H,N,N,79
KNSHWL,K,N,S,H,W,L,579
KNSHWM,K,N,S,H,W,M,424
KNSHWP,K,N,S,H,W,P,78
KNSLCL,K,N,S,L,C,L,183
KNSLIL,K,N,S,L,I,L,102
KNSLLM,K,N,S,L,L,M,80
KNSLWL,K,N,S,L,W,L,246
KNSLWM,K,N,S,L,W,M,67
KNSLWP,K,N,S,L,W,P,75
KNSRAL,K,N,S,R,A,L,2600
KNSRAM,K,N,S,R,A,M,2040
KNSRAP,K,N,S,R,A,P,324
KNSRAS,K,N,S,R,A,S,119
KNSRCL,K,N,S,R,C,L,6885
KNSRCM,K,N,S,R,C,M,2462
KNSRCP,K,N,S,R,C,P,213
KNSRCS,K,N,S,R,C,S,133
KNSRDL,K,N,S,R,D,L,6168
KNSRDM,K,N,S,R,D,M,5934
KNSRDP,K,N,S,R,D,P,492
KNSRDS,K,N,S,R,D,S,109
KNSRIL,K,N,S,R,I,L,5369
KNSRIM,K,N,S,R,I,M,8228
KNSRIP,K,N,S,R,I,P,2097
KNSRIS,K,N,S,R,I,S,446
KNSRLL,K,N,S,R,L,L,1535
KNSRLM,K,N,S,R,L,M,1913
KNSRLP,K,N,S,R,L,P,558
KNSRLS,K,N,S,R,L,S,276
KNSRNN,K,N,S,R,N,N,3755
KNSRPL,K,N,S,R,P,L,9927
KNSRPM,K,N,S,R,P,M,10195
KNSRPP,K,N,S,R,P,P,4910
KNSRPS,K,N,S,R,P,S,462
KNSRWL,K,N,S,R,W,L,11269
KNSRWM,K,N,S,R,W,M,7199
KNSRWP,K,N,S,R,W,P,1689
KNSRWS,K,N,S,R,W,S,435
KRNCAL,K,R,N,C,A,L,1324
KRNCAM,K,R,N,C,A,M,509
KRNCAP,K,R,N,C,A,P,101
KRNCAS,K,R,N,C,A,S,117
KRNCCL,K,R,N,C,C,L,1620
KRNCCM,K,R,N,C,C,M,539
KRNCCP,K,R,N,C,C,P,60
KRNCDL,K,R,N,C,D,L,1326
KRNCDM,K,R,N,C,D,M,489
KRNCDP,K,R,N,C,D,P,72
KRNCIL,K,R,N,C,I,L,3099
KRNCIM,K,R,N,C,I,M,1841
KRNCIP,K,R,N,C,I,P,319
KRNCIS,K,R,N,C,I,S,205
KRNCLL,K,R,N,C,L,L,293
KRNCLM,K,R,N,C,L,M,356
KRNCNN,K,R,N,C,N,N,5982
KRNCPL,K,R,N,C,P,L,2882
KRNCPM,K,R,N,C,P,M,3086
KRNCPP,K,R,N,C,P,P,544
KRNCWL,K,R,N,C,W,L,2857
KRNCWM,K,R,N,C,W,M,2219
KRNCWP,K,R,N,C,W,P,306
KRNCWS,K,R,N,C,W,S,131
KRNHCL,K,R,N,H,C,L,113
KRNHWL,K,R,N,H,W,L,61
KRNLAL,K,R,N,L,A,L,2798
KRNLAM,K,R,N,L,A,M,833
KRNLAP,K,R,N,L,A,P,242
KRNLAS,K,R,N,L,A,S,71
KRNLCL,K,R,N,L,C,L,2608
KRNLCM,K,R,N,L,C,M,1081
KRNLCP,K,R,N,L,C,P,101
KRNLDL,K,R,N,L,D,L,176
KRNLDM,K,R,N,L,D,M,160
KRNLIL,K,R,N,L,I,L,3337
KRNLIM,K,R,N,L,I,M,1966
KRNLIP,K,R,N,L,I,P,353
KRNLIS,K,R,N,L,I,S,284
KRNLLL,K,R,N,L,L,L,498
KRNLLM,K,R,N,L,L,M,651
KRNLLP,K,R,N,L,L,P,123
KRNLNN,K,R,N,L,N,N,1361
KRNLPL,K,R,N,L,P,L,206
KRNLPM,K,R,N,L,P,M,1047
KRNLPP,K,R,N,L,P,P,66
KRNLWL,K,R,N,L,W,L,3758
KRNLWM,K,R,N,L,W,M,2193
KRNLWP,K,R,N,L,W,P,469
KRNLWS,K,R,N,L,W,S,95
KRNRAL,K,R,N,R,A,L,253
KRNRAM,K,R,N,R,A,M,121
KRNRCL,K,R,N,R,C,L,292
KRNRCM,K,R,N,R,C,M,112
KRNRDL,K,R,N,R,D,L,1749
KRNRDM,K,R,N,R,D,M,1040
KRNRDP,K,R,N,R,D,P,85
KRNRDS,K,R,N,R,D,S,58
KRNRIL,K,R,N,R,I,L,1951
KRNRIM,K,R,N,R,I,M,614
KRNRIP,K,R,N,R,I,P,151
KRNRLL,K,R,N,R,L,L,156
KRNRLM,K,R,N,R,L,M,63
KRNRNN,K,R,N,R,N,N,4801
KRNRPL,K,R,N,R,P,L,1337
KRNRPM,K,R,N,R,P,M,1184
KRNRPP,K,R,N,R,P,P,698
KRNRWL,K,R,N,R,W,L,584
KRNRWM,K,R,N,R,W,M,370
KRNRWS,K,R,N,R,W,S,132
KROCAL,K,R,O,C,A,L,222
KROCAM,K,R,O,C,A,M,156
KROCAP,K,R,O,C,A,P,58
KROCCL,K,R,O,C,C,L,55
KROCDL,K,R,O,C,D,L,136
KROCIL,K,R,O,C,I,L,651
KROCIM,K,R,O,C,I,M,533
KROCIP,K,R,O,C,I,P,74
KROCLL,K,R,O,C,L,L,69
KROCLM,K,R,O,C,L,M,104
KROCPL,K,R,O,C,P,L,173
KROCPM,K,R,O,C,P,M,120
KROCWL,K,R,O,C,W,L,159
KROHCL,K,R,O,H,C,L,139
KROHWL,K,R,O,H,W,L,93
KROLAL,K,R,O,L,A,L,415
KROLAM,K,R,O,L,A,M,200
KROLCL,K,R,O,L,C,L,618
KROLCM,K,R,O,L,C,M,67
KROLIL,K,R,O,L,I,L,597
KROLIM,K,R,O,L,I,M,317
KROLIP,K,R,O,L,I,P,92
KROLLL,K,R,O,L,L,L,136
KROLLM,K,R,O,L,L,M,105
KROLPM,K,R,O,L,P,M,55
KROLWL,K,R,O,L,W,L,554
KRORAL,K,R,O,R,A,L,173
KRORAM,K,R,O,R,A,M,212
KRORCL,K,R,O,R,C,L,539
KRORCM,K,R,O,R,C,M,119
KRORDL,K,R,O,R,D,L,800
KRORDM,K,R,O,R,D,M,381
KRORDS,K,R,O,R,D,S,80
KRORIL,K,R,O,R,I,L,345
KRORIM,K,R,O,R,I,M,419
KRORPL,K,R,O,R,P,L,447
KRORPM,K,R,O,R,P,M,197
KRORPS,K,R,O,R,P,S,76
KRORWL,K,R,O,R,W,L,667
KRORWM,K,R,O,R,W,M,241
KRORWS,K,R,O,R,W,S,116
KRPCAL,K,R,P,C,A,L,837
KRPCAM,K,R,P,C,A,M,546
KRPCAP,K,R,P,C,A,P,167
KRPCCL,K,R,P,C,C,L,154
KRPCDL,K,R,P,C,D,L,311
KRPCDM,K,R,P,C,D,M,118
KRPCDP,K,R,P,C,D,P,78
KRPCIL,K,R,P,C,I,L,2993
KRPCIM,K,R,P,C,I,M,2301
KRPCIP,K,R,P,C,I,P,331
KRPCLL,K,R,P,C,L,L,551
KRPCLM,K,R,P,C,L,M,363
KRPCLP,K,R,P,C,L,P,114
KRPCNN,K,R,P,C,N,N,218
KRPCPL,K,R,P,C,P,L,352
KRPCPM,K,R,P,C,P,M,842
KRPCPP,K,R,P,C,P,P,71
KRPCWL,K,R,P,C,W,L,581
KRPCWM,K,R,P,C,W,M,486
KRPHAM,K,R,P,H,A,M,71
KRPHCL,K,R,P,H,C,L,90
KRPHDL,K,R,P,H,D,L,54
KRPHIL,K,R,P,H,I,L,86
KRPHIM,K,R,P,H,I,M,80
KRPHLL,K,R,P,H,L,L,55
KRPHWL,K,R,P,H,W,L,111
KRPHWM,K,R,P,H,W,M,123
KRPLAL,K,R,P,L,A,L,967
KRPLAM,K,R,P,L,A,M,769
KRPLAP,K,R,P,L,A,P,236
KRPLCL,K,R,P,L,C,L,63
KRPLDL,K,R,P,L,D,L,165
KRPLDM,K,R,P,L,D,M,118
KRPLIL,K,R,P,L,I,L,2057
KRPLIM,K,R,P,L,I,M,1627
KRPLIP,K,R,P,L,I,P,230
KRPLLL,K,R,P,L,L,L,235
KRPLLM,K,R,P,L,L,M,273
KRPLLP,K,R,P,L,L,P,78
KRPLNN,K,R,P,L,N,N,59
KRPLPL,K,R,P,L,P,L,120
KRPLPM,K,R,P,L,P,M,235
KRPLWL,K,R,P,L,W,L,471
KRPLWM,K,R,P,L,W,M,137
KRPRAL,K,R,P,R,A,L,872
KRPRAM,K,R,P,R,A,M,885
KRPRAP,K,R,P,R,A,P,102
KRPRAS,K,R,P,R,A,S,83
KRPRCL,K,R,P,R,C,L,1720
KRPRCM,K,R,P,R,C,M,474
KRPRCP,K,R,P,R,C,P,125
KRPRCS,K,R,P,R,C,S,445
KRPRDL,K,R,P,R,D,L,3278
KRPRDM,K,R,P,R,D,M,2078
KRPRDP,K,R,P,R,D,P,257
KRPRDS,K,R,P,R,D,S,443
KRPRIL,K,R,P,R,I,L,2047
KRPRIM,K,R,P,R,I,M,2767
KRPRIP,K,R,P,R,I,P,904
KRPRIS,K,R,P,R,I,S,299
KRPRLL,K,R,P,R,L,L,400
KRPRLM,K,R,P,R,L,M,276
KRPRLP,K,R,P,R,L,P,92
KRPRLS,K,R,P,R,L,S,58
KRPRNN,K,R,P,R,N,N,504
KRPRPL,K,R,P,R,P,L,2483
KRPRPM,K,R,P,R,P,M,1422
KRPRPP,K,R,P,R,P,P,622
KRPRPS,K,R,P,R,P,S,541
KRPRWL,K,R,P,R,W,L,2365
KRPRWM,K,R,P,R,W,M,1583
KRPRWP,K,R,P,R,W,P,304
KRPRWS,K,R,P,R,W,S,878
RNNCAL,R,N,N,C,A,L,326
RNNCAM,R,N,N,C,A,M,215
RNNCAP,R,N,N,C,A,P,245
RNNCCL,R,N,N,C,C,L,470
RNNCDL,R,N,N,C,D,L,553
RNNCIL,R,N,N,C,I,L,550
RNNCIM,R,N,N,C,I,M,241
RNNCIP,R,N,N,C,I,P,302
RNNCLL,R,N,N,C,L,L,305
RNNCLM,R,N,N,C,L,M,164
RNNCLP,R,N,N,C,L,P,204
RNNCNN,R,N,N,C,N,N,225
RNNCPL,R,N,N,C,P,L,295
RNNCPM,R,N,N,C,P,M,81
RNNCWL,R,N,N,C,W,L,790
RNNCWM,R,N,N,C,W,M,117
RNNHAL,R,N,N,H,A,L,826
RNNHAM,R,N,N,H,A,M,246
RNNHAP,R,N,N,H,A,P,240
RNNHCL,R,N,N,H,C,L,1273
RNNHCM,R,N,N,H,C,M,87
RNNHCP,R,N,N,H,C,P,51
RNNHIL,R,N,N,H,I,L,589
RNNHIM,R,N,N,H,I,M,426
RNNHIP,R,N,N,H,I,P,161
RNNHLL,R,N,N,H,L,L,347
RNNHLM,R,N,N,H,L,M,168
RNNHLP,R,N,N,H,L,P,156
RNNHNN,R,N,N,H,N,N,282
RNNHWL,R,N,N,H,W,L,1654
RNNHWM,R,N,N,H,W,M,444
RNNHWP,R,N,N,H,W,P,168
RNNLAL,R,N,N,L,A,L,536
RNNLAM,R,N,N,L,A,M,121
RNNLAP,R,N,N,L,A,P,246
RNNLCL,R,N,N,L,C,L,219
RNNLDL,R,N,N,L,D,L,1041
RNNLDM,R,N,N,L,D,M,139
RNNLDS,R,N,N,L,D,S,176
RNNLIL,R,N,N,L,I,L,299
RNNLIM,R,N,N,L,I,M,72
RNNLIS,R,N,N,L,I,S,75
RNNLLL,R,N,N,L,L,L,128
RNNLLM,R,N,N,L,L,M,176
RNNLLP,R,N,N,L,L,P,93
RNNLNN,R,N,N,L,N,N,198
RNNLPL,R,N,N,L,P,L,609
RNNLPM,R,N,N,L,P,M,118
RNNLPS,R,N,N,L,P,S,131
RNNLWL,R,N,N,L,W,L,457
RNNLWM,R,N,N,L,W,M,108
RNNLWS,R,N,N,L,W,S,106
RNNRAL,R,N,N,R,A,L,721
RNNRAM,R,N,N,R,A,M,373
RNNRAP,R,N,N,R,A,P,180
RNNRCL,R,N,N,R,C,L,755
RNNRCM,R,N,N,R,C,M,92
RNNRDL,R,N,N,R,D,L,77
RNNRIL,R,N,N,R,I,L,1505
RNNRIM,R,N,N,R,I,M,1258
RNNRIP,R,N,N,R,I,P,434
RNNRIS,R,N,N,R,I,S,95
RNNRLL,R,N,N,R,L,L,705
RNNRLM,R,N,N,R,L,M,471
RNNRLP,R,N,N,R,L,P,340
RNNRLS,R,N,N,R,L,S,59
RNNRNN,R,N,N,R,N,N,581
RNNRPL,R,N,N,R,P,L,69
RNNRPM,R,N,N,R,P,M,77
RNNRWL,R,N,N,R,W,L,1160
RNNRWM,R,N,N,R,W,M,471
RNNRWP,R,N,N,R,W,P,129
RNNRWS,R,N,N,R,W,S,55
RNOCAL,R,N,O,C,A,L,242
RNOCAM,R,N,O,C,A,M,157
RNOCAP,R,N,O,C,A,P,219
RNOCCL,R,N,O,C,C,L,334
RNOCIL,R,N,O,C,I,L,283
RNOCIM,R,N,O,C,I,M,142
RNOCIP,R,N,O,C,I,P,76
RNOCLL,R,N,O,C,L,L,169
RNOCLM,R,N,O,C,L,M,185
RNOCLP,R,N,O,C,L,P,154
RNOCWL,R,N,O,C,W,L,413
RNOCWM,R,N,O,C,W,M,140
RNOCWP,R,N,O,C,W,P,96
RNOHAL,R,N,O,H,A,L,844
RNOHAM,R,N,O,H,A,M,300
RNOHAP,R,N,O,H,A,P,380
RNOHCL,R,N,O,H,C,L,1998
RNOHCM,R,N,O,H,C,M,245
RNOHCP,R,N,O,H,C,P,89
RNOHIL,R,N,O,H,I,L,1402
RNOHIM,R,N,O,H,I,M,784
RNOHIP,R,N,O,H,I,P,346
RNOHIS,R,N,O,H,I,S,57
RNOHLL,R,N,O,H,L,L,832
RNOHLM,R,N,O,H,L,M,580
RNOHLP,R,N,O,H,L,P,296
RNOHWL,R,N,O,H,W,L,2780
RNOHWM,R,N,O,H,W,M,742
RNOHWP,R,N,O,H,W,P,443
RNOLAL,R,N,O,L,A,L,65
RNOLAM,R,N,O,L,A,M,99
RNOLAP,R,N,O,L,A,P,187
RNOLCL,R,N,O,L,C,L,154
RNOLIP,R,N,O,L,I,P,60
RNOLLP,R,N,O,L,L,P,91
RNOLWL,R,N,O,L,W,L,154
RNORAL,R,N,O,R,A,L,1102
RNORAM,R,N,O,R,A,M,577
RNORAP,R,N,O,R,A,P,318
RNORCL,R,N,O,R,C,L,2907
RNORCM,R,N,O,R,C,M,459
RNORCP,R,N,O,R,C,P,120
RNORDL,R,N,O,R,D,L,265
RNORDM,R,N,O,R,D,M,56
RNORIL,R,N,O,R,I,L,3629
RNORIM,R,N,O,R,I,M,2650
RNORIP,R,N,O,R,I,P,729
RNORIS,R,N,O,R,I,S,68
RNORLL,R,N,O,R,L,L,1972
RNORLM,R,N,O,R,L,M,1219
RNORLP,R,N,O,R,L,P,523
RNORNN,R,N,O,R,N,N,173
RNORPL,R,N,O,R,P,L,133
RNORPM,R,N,O,R,P,M,109
RNORWL,R,N,O,R,W,L,3081
RNORWM,R,N,O,R,W,M,1012
RNORWP,R,N,O,R,W,P,232
RNPCAL,R,N,P,C,A,L,565
RNPCAM,R,N,P,C,A,M,188
RNPCAP,R,N,P,C,A,P,354
RNPCCL,R,N,P,C,C,L,887
RNPCCM,R,N,P,C,C,M,97
RNPCCP,R,N,P,C,C,P,104
RNPCDL,R,N,P,C,D,L,109
RNPCIL,R,N,P,C,I,L,1198
RNPCIM,R,N,P,C,I,M,304
RNPCIP,R,N,P,C,I,P,484
RNPCLL,R,N,P,C,L,L,622
RNPCLM,R,N,P,C,L,M,859
RNPCLP,R,N,P,C,L,P,895
RNPCPL,R,N,P,C,P,L,329
RNPCPM,R,N,P,C,P,M,78
RNPCWL,R,N,P,C,W,L,1688
RNPCWM,R,N,P,C,W,M,486
RNPCWP,R,N,P,C,W,P,316
RNPHAL,R,N,P,H,A,L,492
RNPHAM,R,N,P,H,A,M,198
RNPHAP,R,N,P,H,A,P,104
RNPHCL,R,N,P,H,C,L,1346
RNPHIL,R,N,P,H,I,L,89
RNPHIP,R,N,P,H,I,P,68
RNPHLL,R,N,P,H,L,L,372
RNPHLM,R,N,P,H,L,M,85
RNPHLP,R,N,P,H,L,P,132
RNPHNN,R,N,P,H,N,N,144
RNPHWL,R,N,P,H,W,L,2080
RNPHWM,R,N,P,H,W,M,283
RNPHWP,R,N,P,H,W,P,199
RNPLAM,R,N,P,L,A,M,57
RNPLAP,R,N,P,L,A,P,199
RNPLIP,R,N,P,L,I,P,131
RNPLLM,R,N,P,L,L,M,53
RNPLLP,R,N,P,L,L,P,118
RNPRAL,R,N,P,R,A,L,255
RNPRAM,R,N,P,R,A,M,72
RNPRCL,R,N,P,R,C,L,1719
RNPRCM,R,N,P,R,C,M,180
RNPRCP,R,N,P,R,C,P,99
RNPRDL,R,N,P,R,D,L,88
RNPRDM,R,N,P,R,D,M,62
RNPRIL,R,N,P,R,I,L,123
RNPRIM,R,N,P,R,I,M,292
RNPRLL,R,N,P,R,L,L,196
RNPRLM,R,N,P,R,L,M,76
RNPRLP,R,N,P,R,L,P,89
RNPRNN,R,N,P,R,N,N,89
RNPRPM,R,N,P,R,P,M,107
RNPRWL,R,N,P,R,W,L,2129
RNPRWM,R,N,P,R,W,M,591
RNPRWP,R,N,P,R,W,P,126
RNSCAL,R,N,S,C,A,L,843
RNSCAM,R,N,S,C,A,M,550
RNSCAP,R,N,S,C,A,P,455
RNSCCL,R,N,S,C,C,L,1341
RNSCCM,R,N,S,C,C,M,188
RNSCCP,R,N,S,C,C,P,63
RNSCIL,R,N,S,C,I,L,1344
RNSCIM,R,N,S,C,I,M,1225
RNSCIP,R,N,S,C,I,P,520
RNSCLL,R,N,S,C,L,L,1150
RNSCLM,R,N,S,C,L,M,878
RNSCLP,R,N,S,C,L,P,880
RNSCNN,R,N,S,C,N,N,102
RNSCPL,R,N,S,C,P,L,221
RNSCWL,R,N,S,C,W,L,1783
RNSCWM,R,N,S,C,W,M,714
RNSCWP,R,N,S,C,W,P,111
RNSHAL,R,N,S,H,A,L,7029
RNSHAM,R,N,S,H,A,M,2294
RNSHAP,R,N,S,H,A,P,1992
RNSHAS,R,N,S,H,A,S,504
RNSHCL,R,N,S,H,C,L,14449
RNSHCM,R,N,S,H,C,M,1359
RNSHCP,R,N,S,H,C,P,804
RNSHCS,R,N,S,H,C,S,240
RNSHIL,R,N,S,H,I,L,7815
RNSHIM,R,N,S,H,I,M,3150
RNSHIP,R,N,S,H,I,P,2238
RNSHIS,R,N,S,H,I,S,483
RNSHLL,R,N,S,H,L,L,4264
RNSHLM,R,N,S,H,L,M,2049
RNSHLP,R,N,S,H,L,P,1825
RNSHLS,R,N,S,H,L,S,160
RNSHNN,R,N,S,H,N,N,1447
RNSHWL,R,N,S,H,W,L,17837
RNSHWM,R,N,S,H,W,M,4610
RNSHWP,R,N,S,H,W,P,2275
RNSHWS,R,N,S,H,W,S,552
RNSLAL,R,N,S,L,A,L,235
RNSLAM,R,N,S,L,A,M,319
RNSLAP,R,N,S,L,A,P,621
RNSLCL,R,N,S,L,C,L,576
RNSLCM,R,N,S,L,C,M,94
RNSLIL,R,N,S,L,I,L,200
RNSLIM,R,N,S,L,I,M,272
RNSLIP,R,N,S,L,I,P,214
RNSLLL,R,N,S,L,L,L,154
RNSLLM,R,N,S,L,L,M,271
RNSLLP,R,N,S,L,L,P,333
RNSLNN,R,N,S,L,N,N,176
RNSLWL,R,N,S,L,W,L,864
RNSLWM,R,N,S,L,W,M,207
RNSLWP,R,N,S,L,W,P,105
RNSRAL,R,N,S,R,A,L,10833
RNSRAM,R,N,S,R,A,M,5058
RNSRAP,R,N,S,R,A,P,2163
RNSRAS,R,N,S,R,A,S,835
RNSRCL,R,N,S,R,C,L,19595
RNSRCM,R,N,S,R,C,M,2655
RNSRCP,R,N,S,R,C,P,937
RNSRCS,R,N,S,R,C,S,585
RNSRDL,R,N,S,R,D,L,1223
RNSRDM,R,N,S,R,D,M,826
RNSRDP,R,N,S,R,D,P,146
RNSRIL,R,N,S,R,I,L,20789
RNSRIM,R,N,S,R,I,M,15867
RNSRIP,R,N,S,R,I,P,6604
RNSRIS,R,N,S,R,I,S,1006
RNSRLL,R,N,S,R,L,L,10786
RNSRLM,R,N,S,R,L,M,6462
RNSRLP,R,N,S,R,L,P,3999
RNSRLS,R,N,S,R,L,S,329
RNSRNN,R,N,S,R,N,N,3243
RNSRPL,R,N,S,R,P,L,1267
RNSRPM,R,N,S,R,P,M,1045
RNSRPP,R,N,S,R,P,P,300
RNSRPS,R,N,S,R,P,S,57
RNSRWL,R,N,S,R,W,L,20806
RNSRWM,R,N,S,R,W,M,7677
RNSRWP,R,N,S,R,W,P,2558
RNSRWS,R,N,S,R,W,S,1527
RRNCAL,R,R,N,C,A,L,823
RRNCAM,R,R,N,C,A,M,685
RRNCAP,R,R,N,C,A,P,670
RRNCAS,R,R,N,C,A,S,56
RRNCCL,R,R,N,C,C,L,1005
RRNCCM,R,R,N,C,C,M,71
RRNCIL,R,R,N,C,I,L,389
RRNCIM,R,R,N,C,I,M,327
RRNCIP,R,R,N,C,I,P,138
RRNCLL,R,R,N,C,L,L,419
RRNCLM,R,R,N,C,L,M,479
RRNCLP,R,R,N,C,L,P,338
RRNCNN,R,R,N,C,N,N,997
RRNCWL,R,R,N,C,W,L,1417
RRNCWM,R,R,N,C,W,M,289
RRNCWP,R,R,N,C,W,P,470
RRNHAL,R,R,N,H,A,L,511
RRNHAM,R,R,N,H,A,M,170
RRNHAP,R,R,N,H,A,P,209
RRNHCL,R,R,N,H,C,L,1456
RRNHCM,R,R,N,H,C,M,244
RRNHCP,R,R,N,H,C,P,73
RRNHIL,R,R,N,H,I,L,212
RRNHIP,R,R,N,H,I,P,66
RRNHLL,R,R,N,H,L,L,181
RRNHLM,R,R,N,H,L,M,97
RRNHLP,R,R,N,H,L,P,115
RRNHNN,R,R,N,H,N,N,177
RRNHWL,R,R,N,H,W,L,1917
RRNHWM,R,R,N,H,W,M,548
RRNHWP,R,R,N,H,W,P,441
RRNHWS,R,R,N,H,W,S,59
RRNLAL,R,R,N,L,A,L,1997
RRNLAM,R,R,N,L,A,M,1442
RRNLAP,R,R,N,L,A,P,1900
RRNLAS,R,R,N,L,A,S,58
RRNLCL,R,R,N,L,C,L,2727
RRNLCM,R,R,N,L,C,M,458
RRNLCP,R,R,N,L,C,P,94
RRNLCS,R,R,N,L,C,S,64
RRNLIL,R,R,N,L,I,L,1004
RRNLIM,R,R,N,L,I,M,660
RRNLIP,R,R,N,L,I,P,587
RRNLLL,R,R,N,L,L,L,942
RRNLLM,R,R,N,L,L,M,1130
RRNLLP,R,R,N,L,L,P,1015
RRNLNN,R,R,N,L,N,N,758
RRNLWL,R,R,N,L,W,L,4083
RRNLWM,R,R,N,L,W,M,1020
RRNLWP,R,R,N,L,W,P,980
RRNLWS,R,R,N,L,W,S,73
RRNRAL,R,R,N,R,A,L,181
RRNRAM,R,R,N,R,A,M,169
RRNRAP,R,R,N,R,A,P,195
RRNRCL,R,R,N,R,C,L,557
RRNRIL,R,R,N,R,I,L,107
RRNRIM,R,R,N,R,I,M,109
RRNRLL,R,R,N,R,L,L,129
RRNRLM,R,R,N,R,L,M,63
RRNRNN,R,R,N,R,N,N,2145
RRNRWL,R,R,N,R,W,L,439
RRNRWM,R,R,N,R,W,M,90
RRNRWP,R,R,N,R,W,P,58
RROCAL,R,R,O,C,A,L,224
RROCAM,R,R,O,C,A,M,244
RROCAP,R,R,O,C,A,P,518
RROCIL,R,R,O,C,I,L,216
RROCIM,R,R,O,C,I,M,273
RROCIP,R,R,O,C,I,P,259
RROCLL,R,R,O,C,L,L,122
RROCLM,R,R,O,C,L,M,200
RROCLP,R,R,O,C,L,P,419
RROCWL,R,R,O,C,W,L,57
RROHAL,R,R,O,H,A,L,489
RROHAM,R,R,O,H,A,M,64
RROHAP,R,R,O,H,A,P,188
RROHCL,R,R,O,H,C,L,1344
RROHCM,R,R,O,H,C,M,99
RROHCP,R,R,O,H,C,P,102
RROHIL,R,R,O,H,I,L,215
RROHIM,R,R,O,H,I,M,160
RROHIP,R,R,O,H,I,P,165
RROHLL,R,R,O,H,L,L,301
RROHLM,R,R,O,H,L,M,203
RROHLP,R,R,O,H,L,P,195
RROHWL,R,R,O,H,W,L,1978
RROHWM,R,R,O,H,W,M,280
RROHWP,R,R,O,H,W,P,184
RROLAL,R,R,O,L,A,L,362
RROLAM,R,R,O,L,A,M,296
RROLAP,R,R,O,L,A,P,730
RROLCL,R,R,O,L,C,L,311
RROLCP,R,R,O,L,C,P,72
RROLIL,R,R,O,L,I,L,232
RROLIM,R,R,O,L,I,M,146
RROLIP,R,R,O,L,I,P,184
RROLLL,R,R,O,L,L,L,130
RROLLM,R,R,O,L,L,M,100
RROLLP,R,R,O,L,L,P,263
RROLWL,R,R,O,L,W,L,550
RROLWM,R,R,O,L,W,M,138
RROLWP,R,R,O,L,W,P,95
RRORAL,R,R,O,R,A,L,296
RRORAM,R,R,O,R,A,M,162
RRORAP,R,R,O,R,A,P,82
RRORCL,R,R,O,R,C,L,384
RRORIL,R,R,O,R,I,L,351
RRORIM,R,R,O,R,I,M,242
RRORIP,R,R,O,R,I,P,109
RRORLL,R,R,O,R,L,L,300
RRORLM,R,R,O,R,L,M,161
RRORLP,R,R,O,R,L,P,102
RRORWL,R,R,O,R,W,L,557
RRORWM,R,R,O,R,W,M,177
RRPCAL,R,R,P,C,A,L,759
RRPCAM,R,R,P,C,A,M,827
RRPCAP,R,R,P,C,A,P,1551
RRPCAS,R,R,P,C,A,S,132
RRPCCL,R,R,P,C,C,L,52
RRPCIL,R,R,P,C,I,L,1998
RRPCIM,R,R,P,C,I,M,1254
RRPCIP,R,R,P,C,I,P,1447
RRPCIS,R,R,P,C,I,S,64
RRPCLL,R,R,P,C,L,L,581
RRPCLM,R,R,P,C,L,M,1260
RRPCLP,R,R,P,C,L,P,1762
RRPCNN,R,R,P,C,N,N,96
RRPCWL,R,R,P,C,W,L,147
RRPCWM,R,R,P,C,W,M,74
RRPCWP,R,R,P,C,W,P,54
RRPCWS,R,R,P,C,W,S,206
RRPHAL,R,R,P,H,A,L,1314
RRPHAM,R,R,P,H,A,M,540
RRPHAP,R,R,P,H,A,P,652
RRPHCL,R,R,P,H,C,L,3678
RRPHCM,R,R,P,H,C,M,424
RRPHCP,R,R,P,H,C,P,89
RRPHCS,R,R,P,H,C,S,79
RRPHIL,R,R,P,H,I,L,759
RRPHIM,R,R,P,H,I,M,404
RRPHIP,R,R,P,H,I,P,352
RRPHLL,R,R,P,H,L,L,856
RRPHLM,R,R,P,H,L,M,832
RRPHLP,R,R,P,H,L,P,561
RRPHWL,R,R,P,H,W,L,4223
RRPHWM,R,R,P,H,W,M,713
RRPHWP,R,R,P,H,W,P,566
RRPHWS,R,R,P,H,W,S,74
RRPLAL,R,R,P,L,A,L,840
RRPLAM,R,R,P,L,A,M,979
RRPLAP,R,R,P,L,A,P,1745
RRPLAS,R,R,P,L,A,S,64
RRPLCL,R,R,P,L,C,L,113
RRPLCS,R,R,P,L,C,S,109
RRPLIL,R,R,P,L,I,L,1030
RRPLIM,R,R,P,L,I,M,666
RRPLIP,R,R,P,L,I,P,1222
RRPLIS,R,R,P,L,I,S,82
RRPLLL,R,R,P,L,L,L,295
RRPLLM,R,R,P,L,L,M,580
RRPLLP,R,R,P,L,L,P,947
RRPLNN,R,R,P,L,N,N,54
RRPLWL,R,R,P,L,W,L,407
RRPLWM,R,R,P,L,W,M,197
RRPLWP,R,R,P,L,W,P,74
RRPLWS,R,R,P,L,W,S,188
RRPRAL,R,R,P,R,A,L,1480
RRPRAM,R,R,P,R,A,M,889
RRPRAP,R,R,P,R,A,P,358
RRPRAS,R,R,P,R,A,S,340
RRPRCL,R,R,P,R,C,L,2294
RRPRCM,R,R,P,R,C,M,172
RRPRCP,R,R,P,R,C,P,59
RRPRCS,R,R,P,R,C,S,168
RRPRDL,R,R,P,R,D,L,111
RRPRDS,R,R,P,R,D,S,150
RRPRIL,R,R,P,R,I,L,1374
RRPRIM,R,R,P,R,I,M,721
RRPRIP,R,R,P,R,I,P,540
RRPRIS,R,R,P,R,I,S,195
RRPRLL,R,R,P,R,L,L,617
RRPRLM,R,R,P,R,L,M,990
RRPRLP,R,R,P,R,L,P,589
RRPRNN,R,R,P,R,N,N,157
RRPRPL,R,R,P,R,P,L,86
RRPRPS,R,R,P,R,P,S,87
RRPRWL,R,R,P,R,W,L,2480
RRPRWM,R,R,P,R,W,M,540
RRPRWP,R,R,P,R,W,P,363
RRPRWS,R,R,P,R,W,S,306
UNNHCL,U,N,N,H,C,L,154
UNNHWL,U,N,N,H,W,L,76
UNNHWS,U,N,N,H,W,S,55
UNNRCL,U,N,N,R,C,L,246
UNNRNN,U,N,N,R,N,N,63
UNNRWL,U,N,N,R,W,L,117
UNOHCL,U,N,O,H,C,L,830
UNOHWL,U,N,O,H,W,L,356
UNORCL,U,N,O,R,C,L,953
UNORCM,U,N,O,R,C,M,81
UNORWL,U,N,O,R,W,L,296
UNPHAL,U,N,P,H,A,L,64
UNPHCL,U,N,P,H,C,L,508
UNPHNN,U,N,P,H,N,N,70
UNPHWL,U,N,P,H,W,L,269
UNPRAL,U,N,P,R,A,L,104
UNPRCL,U,N,P,R,C,L,1008
UNPRCM,U,N,P,R,C,M,61
UNPRCS,U,N,P,R,C,S,56
UNPRWL,U,N,P,R,W,L,507
UNSHAL,U,N,S,H,A,L,129
UNSHAS,U,N,S,H,A,S,188
UNSHCL,U,N,S,H,C,L,4284
UNSHCM,U,N,S,H,C,M,324
UNSHCP,U,N,S,H,C,P,180
UNSHCS,U,N,S,H,C,S,483
UNSHLL,U,N,S,H,L,L,147
UNSHNN,U,N,S,H,N,N,215
UNSHWL,U,N,S,H,W,L,2199
UNSHWM,U,N,S,H,W,M,231
UNSHWP,U,N,S,H,W,P,153
UNSHWS,U,N,S,H,W,S,1166
UNSRAL,U,N,S,R,A,L,75
UNSRAS,U,N,S,R,A,S,85
UNSRCL,U,N,S,R,C,L,6804
UNSRCM,U,N,S,R,C,M,597
UNSRCP,U,N,S,R,C,P,260
UNSRCS,U,N,S,R,C,S,290
UNSRDL,U,N,S,R,D,L,99
UNSRDM,U,N,S,R,D,M,59
UNSRLL,U,N,S,R,L,L,191
UNSRNN,U,N,S,R,N,N,552
UNSRPL,U,N,S,R,P,L,78
UNSRWL,U,N,S,R,W,L,2961
UNSRWM,U,N,S,R,W,M,332
UNSRWP,U,N,S,R,W,P,167
UNSRWS,U,N,S,R,W,S,959
URNCCL,U,R,N,C,C,L,112
URNCWL,U,R,N,C,W,L,112
URNHCL,U,R,N,H,C,L,191
URNHWL,U,R,N,H,W,L,105
URNLCL,U,R,N,L,C,L,150
URNRCL,U,R,N,R,C,L,219
UROHCL,U,R,O,H,C,L,51
URORCL,U,R,O,R,C,L,103
URPHCL,U,R,P,H,C,L,314
URPHWL,U,R,P,H,W,L,114
URPRCL,U,R,P,R,C,L,963
URPRCM,U,R,P,R,C,M,75
URPRWL,U,R,P,R,W,L,404
URPRWP,U,R,P,R,W,P,59
URPRWS,U,R,P,R,W,S,58